BODY_1_x,BODY_1_y,BODY_1_z,BODY_2_x,BODY_2_y,BODY_2_z,BODY_3_x,BODY_3_y,BODY_3_z,BODY_4_x,BODY_4_y,BODY_4_z,label
0.9155943173139256,0.0,0.1250720769166946,1.0,0.11778601833164377,-0.1210227832198143,0.037319069752793185,0.986602581932798,0.0763838142156601,0.0,1.0,-0.0764671042561531,1
0.912084892111842,0.0,0.1167791411280632,1.0,0.13653407829329853,-0.1166722699999809,0.04503831283759049,1.0,0.0711873024702072,0.0,0.9808526257119942,-0.0712246969342231,1
0.9240459637991922,0.0,0.1098904684185981,1.0,0.19053549971640368,-0.1122519448399543,0.00849101467022159,0.8967700486459509,0.0678471848368644,0.0,1.0,-0.0678820312023162,1
0.8957462151867953,0.0,0.1307514458894729,1.0,0.2705730924065886,-0.1102805510163307,0.004187343193781869,0.9152957494331987,0.0744742304086685,0.0,1.0,-0.0744888931512832,1
0.9122614542259435,0.0,0.1316648870706558,1.0,0.2941560548852412,-0.1184932291507721,0.00798185894640179,0.8609310903010293,0.0774994641542434,0.0,1.0,-0.0774966329336166,1
0.8975461496624751,0.0,0.1156928464770317,1.0,0.34931860326338204,-0.1238884925842285,0.023061418857560523,0.8522625143368935,0.0731085836887359,0.0,1.0,-0.0730948969721794,1
0.9050130455732726,0.0,0.1194328218698501,1.0,0.24738993175179136,-0.1201242506504058,0.04336530151344023,0.8676910447696022,0.0732713267207145,0.0,1.0,-0.073276400566101,1
0.883437685736775,0.0,0.1255913376808166,1.0,0.2702299935950613,-0.1091959401965141,0.007933748271605392,0.9141770078633104,0.0729972347617149,0.0,1.0,-0.0729986950755119,1
0.8432664687281236,0.0,0.1203157231211662,1.0,0.22124524088625483,-0.1100680530071258,0.0012239969522082322,0.8430345095506011,0.0700823217630386,0.0,1.0,-0.0700584575533866,1
0.861680426184195,0.0,0.1281751245260238,1.0,0.1891886031484453,-0.1035041958093643,0.0,0.8266545871460167,0.0714010074734687,0.0036860532470758493,1.0,-0.0714176222681999,1
0.8697841367152235,0.0,0.135800302028656,1.0,0.1341628738304065,-0.0969368666410446,0.0,0.8468282773035376,0.0724696367979049,0.01948097442074929,1.0,-0.0724543780088424,1
0.8403166159364137,0.0,0.1465519070625305,1.0,0.23273419580048468,-0.0742667391896247,0.0,0.7719461822856166,0.0688119977712631,0.045850255104707804,1.0,-0.0687645450234413,1
0.8464543527351036,0.0,0.1535170674324035,1.0,0.3140242195880692,-0.0634216144680976,0.0,0.7068905364486168,0.0666366666555404,0.06560106519006652,1.0,-0.0666046813130378,1
0.8532453233282583,0.0,0.1351827681064605,1.0,0.3774437309463579,-0.0758046135306358,0.0,0.6798534085749497,0.0628842264413833,0.04701217232720057,1.0,-0.0627681389451026,1
0.8646374777446107,0.0,0.1484117358922958,1.0,0.5785222701791927,-0.0714609250426292,0.0,0.5738207940393497,0.0675861611962318,0.06234313899827079,1.0,-0.0674296244978904,1
0.8634065422546546,0.0,0.1221756488084793,1.0,0.41479599298040365,-0.1027533635497093,0.0,0.5562464310087885,0.069238469004631,0.04220425298931762,1.0,-0.0691229924559593,1
0.8684876772382557,0.0,0.1282293200492859,1.0,0.41157407140260477,-0.074869804084301,0.0,0.6952182355351156,0.061027705669403,0.056183559379031675,1.0,-0.0609964467585086,1
0.8383662499216123,0.0,0.1307910829782486,1.0,0.30481366241904256,-0.0821238383650779,0.0,0.7275648583778299,0.066850796341896,0.04453781745403128,1.0,-0.0668105706572532,1
0.856361517416213,0.0,0.1241818815469741,1.0,0.27702305551078465,-0.1109787747263908,0.0,0.7164698253828179,0.0724365711212158,0.051006890127715074,1.0,-0.0724231153726577,1
0.8664335536979366,0.0,0.127490609884262,1.0,0.18079594342968106,-0.0996563509106636,0.0,0.7565590304185761,0.0704762786626815,0.03987465828808207,1.0,-0.0704383924603462,1
0.853653382043324,0.0,0.1198788434267044,1.0,0.18603147934379713,-0.1004629805684089,0.0,0.7508114013851006,0.0695186778903007,0.022804134331250947,1.0,-0.0695268735289573,1
0.8905075952428065,0.0,0.1073958426713943,1.0,0.21982792737670914,-0.1191061958670616,0.0,0.7594394322206489,0.0703631117939949,0.020259293455560684,1.0,-0.0703504234552383,1
0.8831878396838471,0.0,0.1033707112073898,1.0,0.2266126913615629,-0.1205474585294723,0.0,0.7692417437517991,0.0696707814931869,0.023377001811647185,1.0,-0.0696985870599746,1
0.8260070064526567,0.0,0.1563784033060073,1.0,0.27578267389548966,-0.0528325699269771,0.0,0.7347514130810936,0.0638302937150001,0.05686451909973928,1.0,-0.063834547996521,1
0.8377328553034858,0.0,0.1400337666273117,1.0,0.32914563896839955,-0.0620509833097457,0.0,0.6875527923117738,0.061662171036005,0.043053032700536266,1.0,-0.0616230107843875,1
0.8392237853304232,0.0,0.1442574858665466,1.0,0.40777220974214234,-0.0640017390251159,0.0,0.6562249998399989,0.0610380321741104,0.03061768248320219,1.0,-0.0609216131269931,1
0.8826343243620599,0.0,0.1465093195438385,1.0,0.7427700044612078,-0.0698201209306716,0.0,0.5491827878492923,0.0679423883557319,0.023003877845460718,1.0,-0.0678166896104812,1
0.9076851219888091,0.0,0.1254684180021286,1.0,0.44567994968279445,-0.079987809062004,0.0,0.6415379637549535,0.061753012239933,0.031020363444979486,1.0,-0.0616075359284877,1
0.8807600704019005,0.0,0.1352879554033279,1.0,0.4730015946172956,-0.0637186989188194,0.0,0.5809544425770973,0.0619798339903354,0.04305685888872943,1.0,-0.0619343146681785,1
0.856600023003023,0.0,0.1268031448125839,1.0,0.21859599579048747,-0.098880223929882,0.0,0.7552269448212712,0.0695240199565887,0.034802108899782774,1.0,-0.0695011764764785,1
0.8408649305288635,0.0,0.1378244906663894,1.0,0.1598692990065333,-0.1059398353099823,0.0,0.7820464812926684,0.0746578648686409,0.02555637078401103,1.0,-0.0747191831469535,1
0.8408983742365672,0.0,0.1315839141607284,1.0,0.07005242027192028,-0.1023233011364936,0.0,0.8185587963882303,0.0711933895945549,0.012330288320460927,1.0,-0.0711725056171417,1
0.801782791744579,0.0,0.1447158902883529,1.0,0.15680940286311867,-0.0754361897706985,0.0,0.7783791712301613,0.0676196739077568,0.06045760653923554,1.0,-0.0676596015691757,1
0.8408735245458285,0.0,0.1384972929954528,1.0,0.25667428052366537,-0.0657875314354896,0.0,0.711326800224106,0.0608367510139942,0.064787947488414,1.0,-0.0607619695365428,1
0.8477462215017479,0.0,0.1339809894561767,1.0,0.3402490691295594,-0.0781339779496193,0.0,0.6542394813702193,0.0620989650487899,0.05796957021904442,1.0,-0.0619957819581031,1
0.871055696396408,0.0,0.1414111405611038,1.0,0.40682911192864474,-0.0629516094923019,0.0,0.6051281077963392,0.0594823360443115,0.055492511454853406,1.0,-0.0593948811292648,1
0.878248245999609,0.0,0.1433396637439727,1.0,1.0,-0.0760408118367195,0.0,0.25439296196767525,0.0686236694455146,0.033636229197230444,0.9674138638704531,-0.0684765428304672,1
0.8702837769812524,0.0,0.1318093389272689,1.0,0.5518529510911783,-0.0741254463791847,0.0,0.5603766360345308,0.0633956640958786,0.06010953221375157,1.0,-0.0632241666316986,1
0.8619332779482086,0.0,0.1376855820417404,1.0,0.3035663901821917,-0.0866065844893455,0.0,0.7281733689104413,0.0678936392068862,0.033603988942526725,1.0,-0.067749947309494,1
0.8563817592190778,0.0,0.1248623356223106,1.0,0.1963257082810267,-0.0821495726704597,0.0,0.734856426239316,0.0622693933546543,0.039587546572353124,1.0,-0.0622315816581249,1
0.8350739659001062,0.0,0.1450031548738479,1.0,0.12312932327662657,-0.0869572833180427,0.0,0.7774271224451145,0.070862166583538,0.06553427939605401,1.0,-0.0708939209580421,1
0.8566493794182902,0.0,0.1339287161827087,1.0,0.0669402746227645,-0.0809298679232597,0.0,0.7612890928913972,0.0663692057132721,0.05551475645586381,1.0,-0.0663615465164184,1
0.8512086194078804,0.0,0.1277869194746017,1.0,0.18112792223831226,-0.091964915394783,0.0,0.7502106772182858,0.0666799172759056,0.039380712380286,1.0,-0.0666988715529441,1
0.8493198878600127,0.0,0.1482182592153549,1.0,0.16553807751265648,-0.0763257220387458,0.0,0.7485027904344798,0.0678201094269752,0.046032290318200095,1.0,-0.0677934661507606,1
0.8361545587928018,0.0,0.1377098560333252,1.0,0.24660661218566382,-0.0763681083917617,0.0,0.733860326505315,0.0638088062405586,0.07857167701718276,1.0,-0.0637452155351638,1
0.8507201136292964,0.0,0.133060336112976,1.0,0.2652699238704204,-0.0743247047066688,0.0,0.6997953001175222,0.0610003918409347,0.06821243502526768,1.0,-0.0609466545283794,1
0.8640774932966965,0.0,0.1394587457180023,1.0,0.6289355672702495,-0.0762400329113006,0.0,0.564319573351176,0.0653494074940681,0.043539324068504186,1.0,-0.0652027502655983,1
0.864221445349243,0.0,0.132668912410736,1.0,0.739925380856228,-0.0747517421841621,0.0,0.44268013989611266,0.0655833631753921,0.021499820744293945,1.0,-0.0654674991965293,1
0.8608280971588746,0.0,0.1569820344448089,1.0,0.555352306601267,-0.065302200615406,0.0,0.5226738914426703,0.069484919309616,0.025293936233073994,1.0,-0.069369189441204,1
0.8976584669702369,0.0,0.1314993649721145,1.0,0.4866213723679198,-0.0970030725002288,0.0,0.570251384271605,0.0704151913523674,0.038385035141556126,1.0,-0.0703156292438507,1
0.8710013703312044,0.0,0.1224078983068466,1.0,0.23632894928439388,-0.0963575467467308,0.0,0.7485173292923409,0.0659787207841873,0.053930943449998985,1.0,-0.0659793317317962,1
0.8186019715346771,0.0,0.1411299109458923,1.0,0.5372612841537212,-0.070535235106945,0.0,0.5799125036020224,0.0646420791745185,0.053039755219956464,1.0,-0.0645399689674377,1
0.84822965117197,0.0,0.140821486711502,1.0,0.775202352770915,-0.0673747956752777,0.0,0.38256303172519307,0.0699038878083229,0.03003504773064183,1.0,-0.0697814896702766,1
0.9007001424176658,0.0,0.1513240933418274,1.0,0.4489503449133056,-0.0653781816363334,0.0,0.5807880181467902,0.0692571178078651,0.027755045881100313,1.0,-0.0691513121128082,1
0.8657423495710752,0.0,0.1515993922948837,1.0,0.4360040781622687,-0.0689033791422844,0.0,0.6056654101111337,0.0709492489695549,0.02732641449326501,1.0,-0.0708337500691413,1
0.8614769764360342,0.0,0.1435592472553253,1.0,0.26988413558158914,-0.0856184139847755,0.0,0.762252003578256,0.0706890821456909,0.04832780718948262,1.0,-0.0705801770091056,1
0.8862605765632867,0.0,0.1239689588546752,1.0,0.20189967885801371,-0.1026774793863296,0.0,0.7698454660404045,0.0688027292490005,0.04688479482901722,1.0,-0.0687727183103561,1
0.8871374041664107,0.0,0.1103092655539512,1.0,0.16597039866316543,-0.0965718477964401,0.0,0.7766973278546142,0.0623880662024021,0.04191926505646688,1.0,-0.0623510554432868,1
0.8742965850922174,0.0,0.1132927909493446,1.0,0.10049236440566855,-0.1094022542238235,0.0,0.7526250736700878,0.0672024711966514,0.03060981765882864,1.0,-0.0672084614634513,1
0.8221239639773784,0.0,0.1507981121540069,1.0,0.10341691422265281,-0.0536113530397415,0.0,0.7706310913208902,0.062050100415945,0.07586004506269742,1.0,-0.0621102526783943,1
0.8713221463304653,0.0,0.1306331902742386,1.0,0.2154897395916569,-0.0742838010191917,0.0,0.7303009230264209,0.0611396804451942,0.049229983222339804,1.0,-0.0610995888710022,1
0.8442689279033079,0.0,0.1334106475114822,1.0,0.22094734708016786,-0.0884591788053512,0.0,0.7305391085576359,0.0661584213376045,0.05555243545680223,1.0,-0.0660931095480918,1
0.8472769093273044,0.0,0.1289199590682983,1.0,0.3389415608807805,-0.0849599167704582,0.0,0.6810631533619798,0.0638738274574279,0.04773975789104456,1.0,-0.0637734979391098,1
0.855098558369911,0.0,0.1306278705596923,1.0,0.4101262000532507,-0.0811358466744422,0.0,0.6725980317647503,0.0646050050854682,0.039116296863045144,1.0,-0.0645330175757408,1
0.8313015517073105,0.0,0.1294127404689788,1.0,0.5997784854555868,-0.0788688659667968,0.0,0.5177869047910877,0.0636014863848686,0.03711722926295255,1.0,-0.0634220838546752,1
0.8569712633383659,0.0,0.1371925473213195,1.0,0.7182601264598345,-0.067360833287239,0.0,0.3701490210706079,0.0642643421888351,0.03852171242866962,1.0,-0.0641204044222831,1
0.8374008226301303,0.0,0.1415628492832183,1.0,1.0,-0.0569476298987865,0.0,0.15302798549739408,0.0651449263095855,0.06021985359163923,0.8360224762066621,-0.0650269240140914,1
0.8668074256231069,0.0,0.1221654787659645,1.0,1.0,-0.0715093240141868,0.0,0.2235430656961546,0.0629476159811019,0.029986109599252287,0.6543772868826,-0.06279306858778,1
0.9504397153193246,0.0,0.0967292338609695,1.0,0.444703595494472,-0.0914415344595909,0.0,0.504184075712521,0.0576221384108066,0.029760726809360365,1.0,-0.0575254373252391,1
0.8533683285981138,0.0,0.1549891084432602,1.0,0.47065338685231756,-0.0588814169168472,0.0,0.613340143494538,0.0675448849797248,0.06369944002078222,1.0,-0.0674455314874649,1
0.8342122100684543,0.0,0.1006682366132736,1.0,0.3134100258224913,-0.0930997505784034,0.0,0.7394792722583365,0.0598101504147052,0.06077350184726442,1.0,-0.0597612299025058,1
0.8590222433162272,0.0,0.1251912415027618,1.0,0.1871668245891888,-0.1000421047210693,0.0,0.7743176584597989,0.0680599063634872,0.04653870962502378,1.0,-0.0680708810687065,1
0.8571350134828495,0.0,0.1175225228071212,1.0,0.10757776410983852,-0.0963245257735252,0.0,0.7768616564434175,0.0648091733455658,0.04533824536842933,1.0,-0.0648212432861328,1
0.852796548436761,0.0,0.1316651403903961,1.0,0.13083692468995028,-0.099495030939579,0.0,0.7489305762713668,0.0709245353937149,0.05629287195312835,1.0,-0.0709736719727516,1
0.8611570158770403,0.0,0.133006289601326,1.0,0.11330470580334687,-0.0841960236430168,0.0,0.7464924095654301,0.0665081068873405,0.05631932634849652,1.0,-0.0665515065193176,1
0.8794268474024787,0.0,0.1268335133790969,1.0,0.1516638839906745,-0.1014820411801338,0.0,0.7054366273691235,0.0684053972363472,0.05893003552883302,1.0,-0.0683746859431266,1
0.8360447361499223,0.0,0.1366781443357467,1.0,0.15236261470853896,-0.0724545270204544,0.0,0.7799189202679501,0.0629296749830246,0.0758223280408832,1.0,-0.0629244595766067,1
0.8292347640140523,0.0,0.1302731782197952,1.0,0.17707861518762788,-0.0749285295605659,0.0,0.7600072526723227,0.0614067763090133,0.07081563286465375,1.0,-0.0613902695477008,1
0.8449778432752955,0.0,0.1184282526373863,1.0,0.18468666203998538,-0.0928020104765892,0.0,0.7615981544085262,0.0621146969497203,0.05375237833300151,1.0,-0.0620851404964923,1
0.836962129113206,0.0,0.1356774121522903,1.0,0.3637380666530267,-0.0780522748827934,0.0,0.6388615017583953,0.0671527907252311,0.03675770286079682,1.0,-0.0670821145176887,1
0.8620732487470649,0.0,0.1315522044897079,1.0,0.3745690542116264,-0.0897686630487442,0.0,0.6430893443125986,0.0679724887013435,0.03740288139920815,1.0,-0.0678460374474525,1
0.8551339867142541,0.0,0.1227701529860496,1.0,0.34999230167717255,-0.0854261741042137,0.0,0.7008682039547384,0.0659442543983459,0.0274659842077402,1.0,-0.065908133983612,1
0.8863615798488633,0.0,0.0928541496396064,1.0,0.32511833042697197,-0.110148124396801,0.0,0.6969372682074475,0.0637041553854942,0.01715589515186409,1.0,-0.0635911598801612,1
0.8658479396687302,0.0,0.1162666454911232,1.0,0.2754435329719766,-0.0991460531949997,0.0,0.7187609008774763,0.0672331377863884,0.03944024882823399,1.0,-0.067180298268795,1
0.8663865514656686,0.0,0.1230960041284561,1.0,0.24316802609702307,-0.0902863666415214,0.0,0.7791492713865684,0.0662205815315246,0.0482361702732706,1.0,-0.0661620274186134,1
0.8769366902022308,0.0,0.133171871304512,1.0,0.2145873391396374,-0.11675825715065,0.0,0.8171198803872647,0.0778646394610405,0.019156417375973973,1.0,-0.0778234675526619,1
0.8716185588065819,0.0,0.1311755180358886,1.0,0.24285717655189168,-0.1084928140044212,0.0,0.744837248466594,0.0728673860430717,0.061606205198713807,1.0,-0.0729142129421234,1
0.8716797606704318,0.0,0.1183395758271217,1.0,0.10736360604825534,-0.0991076752543449,0.0,0.7342856854139228,0.0651944577693939,0.054902585998861136,1.0,-0.0651536211371421,1
0.8597853614066134,0.0,0.1171293184161186,1.0,0.12492816781576245,-0.0939019694924354,0.0,0.7434055753610019,0.0639538243412971,0.05055201399642045,1.0,-0.0639306902885437,1
0.8418747469432803,0.0,0.1235107481479644,1.0,0.1712408501693496,-0.0935260131955146,0.0,0.7511449802478174,0.0662727653980255,0.03260500954678955,1.0,-0.0662433430552482,1
0.8429174738304168,0.0,0.1247895881533622,1.0,0.19097383228021123,-0.0686623901128768,0.0,0.7023108705732537,0.0579398423433303,0.05078134136414679,1.0,-0.0579247288405895,1
0.8503509685234143,0.0,0.1446519941091537,1.0,0.16781746961626884,-0.0781980454921722,0.0,0.7792904551701426,0.0670024082064628,0.05558151057145617,1.0,-0.0669567584991455,1
0.8801656291096824,0.0,0.1403251588344574,1.0,0.5024222253480161,-0.0765545666217804,0.0,0.6421317013510581,0.066272921860218,0.02639588397276484,1.0,-0.0661881193518638,1
0.8497345310388011,0.0,0.163543701171875,1.0,0.9447677938373077,-0.0428063161671161,0.0,0.3567299380239184,0.0692300871014595,0.03790313911123764,1.0,-0.0691001713275909,1
0.8652516022834998,0.06056332900966216,0.1496403515338897,1.0,1.0,-0.0617014989256858,0.0,0.0,0.067150704562664,0.03326414338030074,0.8389103582260559,-0.0670250207185745,1
0.8682903217835334,0.0,0.1458249986171722,1.0,0.879398953338974,-0.0641227811574935,0.0,0.396198802920623,0.0674095600843429,0.03495125497661469,1.0,-0.0672721937298774,1
0.8543973628008696,0.0,0.1617301404476165,1.0,0.6692376607118489,-0.0559617839753627,0.0,0.4506493737651812,0.0694585591554641,0.015519455115666067,1.0,-0.0693533048033714,1
0.8496528071906573,0.0,0.1324820667505264,1.0,0.30505859626529297,-0.0826422721147537,0.016789189593449775,0.8008216355441081,0.0675306990742683,0.0,1.0,-0.0674582198262214,1
0.8395848157790456,0.0,0.1310062855482101,1.0,0.2688536660982793,-0.0834942758083343,0.0,0.7613137263191518,0.0661428496241569,0.05235394625273231,1.0,-0.0661693289875984,1
0.8151600360380008,0.0,0.1334729492664337,1.0,0.21969301427664847,-0.0805773064494133,0.0,0.7387621602059373,0.0654815137386322,0.0728406484464955,1.0,-0.0655152648687362,1
0.8372795836956137,0.0,0.1185205355286598,1.0,0.10926977965108625,-0.0774363726377487,0.0,0.7564540524635355,0.0590973496437072,0.07182506344396417,1.0,-0.0590935200452804,1
0.8531709334357975,0.0,0.1332366913557052,1.0,0.034021994939155385,-0.0654029920697212,0.0,0.7719276929894731,0.0599755123257637,0.0706331555422412,1.0,-0.0599872544407844,1
0.834557122463133,0.0,0.1458565443754196,1.0,0.09754070928206253,-0.0695761144161224,0.0,0.7440729670363488,0.0653516873717308,0.08096243684800997,1.0,-0.0654028803110122,1
0.8539494235301603,0.0,0.1212095990777015,1.0,0.19041741418490613,-0.0785224437713623,0.0,0.7251014631423673,0.0593508705496788,0.06927192814828963,1.0,-0.0592952519655227,1
0.8302912642323244,0.0,0.1181369200348854,1.0,0.653469538505887,-0.069122165441513,0.0,0.4918666504517652,0.0590495280921459,0.03213643008819244,1.0,-0.0589347295463085,1
0.856202030951173,0.0,0.1384064704179763,1.0,0.9373541688147529,-0.0577086769044399,0.0,0.22755202187420043,0.0624626465141773,0.049117043224222785,1.0,-0.0623711012303829,1
0.8573587810856248,0.0,0.1221582368016243,1.0,0.35135296544834627,-0.0840463116765022,0.0,0.7236208966614857,0.061793029308319,0.03309314649675262,1.0,-0.0616832859814167,1
0.8939022232274011,0.0,0.1112579628825187,1.0,0.19670499900567318,-0.0898651629686355,0.0,0.7495096244233088,0.0597794763743877,0.03851723412208533,1.0,-0.0597290955483913,1
0.9127138224688103,0.0,0.1182428896427154,1.0,0.014301648987943418,-0.0895594581961631,0.0,0.7291575391722458,0.0619187727570533,0.04071147584516506,1.0,-0.0618659146130085,1
0.8814585318035594,0.0,0.1237262785434722,1.0,0.06845303089677107,-0.0843584761023521,0.0,0.7406413714650951,0.0622449144721031,0.054977150036587555,1.0,-0.0622059777379035,1
0.8708024055431781,0.0,0.1324070394039154,1.0,0.030846923654477113,-0.0716976672410965,0.0,0.7542420552695477,0.0625693723559379,0.048635137231268055,1.0,-0.062584675848484,1
0.8814668661242359,0.0,0.1381435394287109,1.0,0.1622405017390603,-0.071925088763237,0.0,0.7083649543912741,0.0641770139336586,0.060462619298692684,1.0,-0.0641847625374794,1
0.848837810420545,0.0,0.1152553781867027,1.0,0.2655765773478298,-0.0945255011320114,0.0,0.7266073110178923,0.0638254880905151,0.06848235381220263,1.0,-0.0639394074678421,1
0.8653215403393282,0.0,0.1228189915418624,1.0,0.23914055862502046,-0.0957118794322013,0.0,0.7049131666851363,0.0673629567027092,0.025149336262825513,1.0,-0.0673574432730674,1
0.8371000191656682,0.0,0.1420333981513977,1.0,0.16385248102316272,-0.0750590115785598,0.0,0.8106156387037986,0.0662929564714431,0.06602444596357702,1.0,-0.0663139745593071,1
0.8573960737270397,0.0,0.1247794404625892,1.0,0.373516786341855,-0.0819199979305267,0.0,0.6157266413121687,0.0620611868798732,0.05449315285306966,1.0,-0.0619425289332866,1
0.8473242803873055,0.0,0.1339650452136993,1.0,0.5077828147757745,-0.0759366303682327,0.0,0.48452873997101253,0.0646815598011016,0.0626752470927456,1.0,-0.0645597353577613,1
0.8888211320535837,0.0,0.1378910094499588,1.0,0.5872447442661597,-0.0802716240286827,0.0,0.47272293198638554,0.0686631053686142,0.0344195228762181,1.0,-0.0685339644551277,1
0.8723678764108556,0.0,0.1458307653665542,1.0,0.8306016202822966,-0.0590784326195716,0.0,0.35165508217411073,0.0642601624131202,0.04547639615189569,1.0,-0.0641298219561576,1
0.9264429009338542,0.0,0.129020482301712,1.0,0.5993323526945971,-0.0788472071290016,0.0,0.5282355362137691,0.0656403228640556,0.02324443583373317,1.0,-0.0655212327837944,1
0.8686608534104433,0.0,0.1012689024209976,1.0,0.1316231473026662,-0.0898902937769889,0.0,0.7865301118119092,0.0581080392003059,0.0071883186625977605,1.0,-0.0580099485814571,1
0.8604978034734709,0.0,0.1094020456075668,1.0,0.07532659151859533,-0.0895834788680076,0.0,0.7764590343039922,0.0602453723549842,0.02302028088225252,1.0,-0.0602051690220832,1
0.8509492117214001,0.0,0.1402829736471176,1.0,0.11321885884733263,-0.072815291583538,0.0,0.8041065815038165,0.0666107833385467,0.015177667098715264,1.0,-0.0666597709059715,1
0.8561082970273001,0.0,0.1316666901111602,1.0,0.24104697319200385,-0.0953791365027427,0.0,0.7823669614186455,0.0706000998616218,0.011471153407988334,1.0,-0.0706549882888794,1
0.9005218393210399,0.0,0.1167855039238929,1.0,0.28613549953428713,-0.1285804063081741,0.020690685229081976,0.8186979890366616,0.0759349167346954,0.0,1.0,-0.0759638473391532,1
0.8810364114926246,0.0,0.1132471337914466,1.0,0.27040002570634014,-0.1324764341115951,0.0,0.7610120995069056,0.076471708714962,0.00690066022810117,1.0,-0.0764949768781662,1
0.895471630307712,0.0,0.1141462698578834,1.0,0.2964380418633517,-0.1192194744944572,0.05349059940858532,0.870308410112446,0.07228734344244,0.0,1.0,-0.0722773522138595,1
1.0,0.028521310537435493,-0.0699929222464561,0.0,0.0,-0.0286019071936607,0.6936425931421468,1.0,-0.0346874557435512,0.15256916529527587,0.9613622680711131,0.0346307978034019,0
1.0,0.02964474109766149,-0.0684550106525421,0.0,0.0,-0.006521354895085,0.6684143829240314,1.0,-0.0395131781697273,0.1256227901513589,0.9706233061460665,0.0394870452582836,0
1.0,0.027138632538504612,-0.0614515878260135,0.0,0.0,0.0230282712727785,0.6632898751036163,1.0,-0.0464135929942131,0.11613289111733183,0.9623206631777448,0.0463899038732051,0
1.0,0.034051024539170936,-0.0521911717951297,0.0,0.0,0.0059933001175522,0.6149094666359868,1.0,-0.0368596650660038,0.08329249969543971,0.9657338661853171,0.0368598438799381,0
1.0,0.03659528740232819,-0.0307080093771219,0.0,0.0,0.0236198827624321,0.6766868137251202,1.0,-0.0339412242174148,0.10689496650111935,0.9715764305478556,0.0339124277234077,0
1.0,0.03252121194468828,-0.0039882529526948,0.0,0.0,0.0320954583585262,0.6996507107416793,1.0,-0.0261310543864965,0.10676409434940859,0.9740715871954002,0.0261120796203613,0
1.0,0.0,-0.0713554546236991,0.0,0.0003308329210732884,-0.0108590545132756,0.6768075324755433,1.0,-0.03609124943614,0.07621816242696298,0.9643094001132088,0.0361197851598262,0
1.0,0.018065852952809512,-0.0436692275106906,0.0,0.0,-0.0001150037933257,0.6355412851152435,1.0,-0.0315456315875053,0.04889559321157497,0.9649112363760103,0.0315452441573143,0
1.0,0.0008088775178072652,-0.0615646429359912,0.0,0.0,-0.0251946430653333,0.6931515645452095,1.0,-0.0217334143817424,0.06607394235756094,0.9615254070502388,0.0217473544180393,0
1.0,0.0,-0.0794181004166603,0.0,0.005619937929228238,-0.0288317184895277,0.6403974732242209,1.0,-0.0296009015291929,0.017033652292010953,0.9586293583829635,0.0296062119305133,0
1.0,0.002900949867184135,-0.1105275675654411,0.0,0.0,-0.0300099682062864,0.6117430412183975,1.0,-0.0447412207722663,0.053007085870794494,0.9591129463663021,0.0447751395404338,0
1.0,0.0,-0.0981254503130912,0.0,0.01976026647129493,-0.0263149160891771,0.6394112805690902,1.0,-0.0422156378626823,0.09811185514627181,0.9695002152616751,0.042212139815092,0
1.0,0.0,-0.0786610692739486,0.0,0.016715322985156378,0.0041766827926039,0.6470618093638258,1.0,-0.0399284772574901,0.06177584360807792,0.9660656487799022,0.0399748459458351,0
1.0,0.025446245068551022,-0.0570561960339546,0.0,0.0,0.0243545286357402,0.592003269070169,1.0,-0.0478279329836368,0.0783372352802621,0.9552703564577043,0.0478717312216758,0
1.0,0.015265404490683521,-0.0951190069317817,0.0,0.0,-0.0377404652535915,0.6581234233809018,1.0,-0.0374702326953411,0.10960682200789837,0.948459240777091,0.0374663025140762,0
1.0,0.016984155825925936,-0.09267009049654,0.0,0.0,-0.0397307947278022,0.6769805401557458,1.0,-0.0337344035506248,0.12658040025471878,0.9602408468769315,0.0337203554809093,0
1.0,0.028019090106021546,-0.0723052695393562,0.0,0.0,-0.0231067892163991,0.6775368412656837,1.0,-0.0332639664411544,0.11921762485456824,0.9613376185551635,0.0332714766263961,0
1.0,0.03270424934073303,-0.086186334490776,0.0,0.0,-0.0211676489561796,0.6621046426191411,1.0,-0.0416267476975917,0.12718674709088734,0.9669389854076759,0.0416422821581363,0
1.0,0.028085231392661145,-0.0638215541839599,0.0,0.0,-0.010556099936366,0.6574537897565195,1.0,-0.0348004177212715,0.10990221332743637,0.9673228518398991,0.0347928926348686,0
1.0,0.03685898322312627,-0.0671532154083252,0.0,0.0,-0.0058621112257242,0.6412649934295351,1.0,-0.0371371954679489,0.07993167070085253,0.9725716025960344,0.0371288396418094,0
1.0,0.02705655761833539,-0.0268697142601013,0.0,0.0,0.0209715720266103,0.6783784151333433,1.0,-0.0318288095295429,0.09300676793639137,0.9804370747075088,0.0318148732185363,0
1.0,0.02099393276899262,-0.0428689084947109,0.0,0.0,0.0363296717405319,0.6285586972292602,1.0,-0.0404364913702011,0.046086040905603906,0.9836163286420427,0.0404849201440811,0
1.0,0.04074968895531593,-0.0299540255218744,0.0,0.0,0.0029152540955692,0.6598207624713626,1.0,-0.0256400164216756,0.08485213188632233,0.9796974184287424,0.0256369654089212,0
1.0,0.0035921265135250755,-0.1022189855575561,0.0,0.0,-0.0348172895610332,0.627668324426319,1.0,-0.0337436981499195,0.04637224801482106,0.9787147055573497,0.0337468422949314,0
1.0,0.015494154362734148,-0.0618643648922443,0.0,0.0,0.0053312806412577,0.623231651202537,1.0,-0.0344186276197433,0.025565612662391303,0.9825640182978878,0.0344311036169528,0
1.0,0.024618914947146582,-0.0499578192830085,0.0,0.0,0.0423622988164424,0.6033633581159394,1.0,-0.0450810939073562,0.08036144992652587,0.962120688655301,0.0451116375625133,0
1.0,0.002245027365150436,-0.0732283368706703,0.0,0.0,0.009828258305788,0.6229252525252525,1.0,-0.045278862118721,0.0735631874298541,0.9635659063453582,0.045295488089323,0
1.0,0.020073950282211005,-0.0660097524523735,0.0,0.0,0.0197590105235576,0.6017603999652626,1.0,-0.0453621968626976,0.07669300294240414,0.9764148353096469,0.0453977100551128,0
1.0,0.026670497703604325,-0.0539749860763549,0.0,0.0,0.0427828058600425,0.537253414652895,1.0,-0.0482921972870826,0.0005678702303769571,0.9798587993630569,0.0483732111752033,0
1.0,0.025204835297636275,-0.0650708973407745,0.0,0.0,-0.0143409632146358,0.602165861160997,1.0,-0.0335023738443851,0.02575768637356968,0.9707263139625326,0.0335351638495922,0
1.0,0.0016002958071452695,-0.0884309262037277,0.0,0.0,-0.0220065843313932,0.540029694395185,1.0,-0.0394187495112419,0.053594259083597974,0.9633549276432973,0.0394549705088138,0
1.0,0.0,-0.0612631812691688,0.0,0.00891718450226788,-0.0156739875674247,0.6612976034143118,1.0,-0.0320948027074337,0.08309976198292843,0.973336857449501,0.0321685336530208,0
1.0,0.0,-0.0838542878627777,0.0,0.0010958173709629201,-0.0208419989794492,0.635699759835186,1.0,-0.0378943607211113,0.07448049656825946,0.9750678818101405,0.0379649475216865,0
1.0,0.042329604599085024,-0.0142113650217652,0.0,0.0,0.027364432811737,0.6553603908985005,1.0,-0.0295953322201967,0.10062716783971443,0.9528039440173257,0.0295937117189168,0
1.0,0.030490306967123845,-0.0439280085265636,0.0,0.0,0.0075419615022838,0.6023181268951052,1.0,-0.0430757440626621,0.10847502450812758,0.9525705650448569,0.0430992804467678,0
1.0,0.027094198004609688,-0.0535793676972389,0.0,0.0,-0.0130622191354632,0.6604265610486993,1.0,-0.0346836261451244,0.10543453497134626,0.9622820683026336,0.0346514210104942,0
1.0,0.047408442795979326,-0.0604431517422199,0.0,0.0,-0.0178950261324644,0.6899434234894287,1.0,-0.0364417433738708,0.1495563424710489,0.9646540243082437,0.036402154713869,0
1.0,0.04184197476828338,-0.0433774404227733,0.0,0.0,0.0010906547540798,0.6265322785836945,1.0,-0.0342976190149784,0.08287314368998659,0.9717395539352294,0.0342459194362163,0
1.0,0.04099222735216943,-0.0340281277894973,0.0,0.0,0.0300727654248476,0.6364921092967113,1.0,-0.0388555414974689,0.06295650855453708,0.9755182505349519,0.038877073675394,0
1.0,0.025493072519240205,-0.0461705960333347,0.0,0.0,-0.00478057237342,0.6246148353396803,1.0,-0.0300008989870548,0.05177505607686994,0.9907730150363582,0.0300130732357502,0
1.0,0.01761481272100288,-0.0861751735210418,0.0,0.0,-0.0268687978386878,0.601331517746829,1.0,-0.0363880470395088,0.07593220539528925,0.9732597451971737,0.036450732499361,0
1.0,0.008147829861354898,-0.0774647146463394,0.0,0.0,-0.025456229224801,0.6424010434147177,1.0,-0.03284527733922,0.04633870193431066,0.9635124757501349,0.0328216105699539,0
1.0,0.025088051142986834,-0.0637290924787521,0.0,0.0,-0.0191593952476978,0.6640233276890957,1.0,-0.0289830230176448,0.0603155978234066,0.9757340495074853,0.0289518181234598,0
1.0,0.024941916320212185,-0.0564256086945533,0.0,0.0,-0.0080214692279696,0.7037675198035589,1.0,-0.0328831747174263,0.1228467973576984,0.9656836225382451,0.0328601039946079,0
1.0,0.0,-0.0529251359403133,0.0,0.005784785983574704,0.0219837091863155,0.6704446535429056,1.0,-0.0453749932348728,0.1393003647892612,0.9855663215608487,0.0453991740942001,0
1.0,0.02429753101479281,-0.0286440346390008,0.0,0.0,0.0103512983769178,0.6572610735527725,1.0,-0.0302384104579687,0.09720344305293879,0.9625670136643587,0.030222151428461,0
1.0,0.030906461673102435,-0.0413166917860507,0.0,0.0,0.0206709541380405,0.6956660583941606,1.0,-0.0370140150189399,0.137314781021896,0.9742805985954296,0.037012692540884,0
1.0,0.01820954222856137,-0.044416144490242,0.0,0.0,0.009145381860435,0.6482090958615013,1.0,-0.0367636419832706,0.11766927244491142,0.9646975166447729,0.0367467142641544,0
1.0,0.015740972796346918,-0.0824765264987945,0.0,0.0,-0.0517083071172237,0.6405800741675607,1.0,-0.0304906908422708,0.08408545985037362,0.9595412410388806,0.0304211881011724,0
1.0,0.027863592017104442,-0.0700630098581314,0.0,0.0,-0.0346418395638465,0.6961777804841326,1.0,-0.0310764834284782,0.1470422073034385,0.9571618999288831,0.0310753062367439,0
1.0,0.04045822565839752,-0.0528584010899066,0.0,0.0,-0.0189144015312194,0.7221392211040244,1.0,-0.0296695567667484,0.14861244881948815,0.9749202562268715,0.0297089871019125,0
1.0,0.03345416225458352,-0.0573202781379222,0.0,0.0,0.0220287330448627,0.6535140974754398,1.0,-0.0472180657088756,0.10517806178971378,0.9696861996839238,0.0472116880118846,0
1.0,0.026782455764515274,-0.0415536612272262,0.0,0.0,0.0105680376291275,0.6610052111967025,1.0,-0.0337048135697841,0.0996060776589758,0.9825960378398036,0.0337247066199779,0
1.0,0.0428691401144586,-0.0349034890532493,0.0,0.0,0.0258078668266534,0.6068560895605226,1.0,-0.0351429656147956,0.03939253580213944,0.9799783961088278,0.0351559780538082,0
1.0,0.04554226276755836,-0.0539019219577312,0.0,0.0,0.0150890741497278,0.5791186296845614,1.0,-0.0390714630484581,0.04397104019816211,0.9883750792018497,0.0391194410622119,0
1.0,0.03930608150402194,-0.0255354363471269,0.0,0.0,0.0302265807986259,0.6353439763704456,1.0,-0.0344852544367313,0.08428556929751577,0.9735312894062451,0.0344888679683208,0
1.0,0.023928207607974806,-0.0271538328379392,0.0,0.0,0.0422521755099296,0.6047296959466891,1.0,-0.0351114347577095,0.032129293155550576,0.9921409867631457,0.0351643413305282,0
1.0,0.011984608122042089,-0.0468287132680416,0.0,0.0,0.0350512489676475,0.5882332814565134,1.0,-0.0409397669136524,0.033217131863577,0.9919729927823397,0.0409636609256267,0
1.0,0.02116777473987692,-0.0691995695233345,0.0,0.0,0.0119218509644269,0.5923614103443323,1.0,-0.0431068129837513,0.046610589518104706,0.9651598227576162,0.0431417934596538,0
1.0,0.032696933067733726,-0.0783925503492355,0.0,0.0,-0.0023509494494646,0.6009021404134349,1.0,-0.0345216318964958,0.024394307795303275,0.9715181715582581,0.0344745144248008,0
1.0,0.017178526950774993,-0.058157704770565,0.0,0.0,-0.0049342992715537,0.6574641497140532,1.0,-0.0320500582456588,0.05808153543909287,0.9647075049837025,0.0320276245474815,0
1.0,0.001371106303919184,-0.0468998365104198,0.0,0.0,0.0060506672598421,0.6685019930451713,1.0,-0.037091214209795,0.10927325109738076,0.9619900480776695,0.0370639190077781,0
1.0,0.012792482679525525,-0.0724464356899261,0.0,0.0,-0.0292441565543413,0.6663221278392893,1.0,-0.03793940320611,0.12955211403741895,0.9628087395806205,0.03787761926651,0
1.0,0.0349704226730893,-0.0761853903532028,0.0,0.0,-0.0372905693948268,0.71169461479297,1.0,-0.0345063768327236,0.16181944564408196,0.9713555108854695,0.0345281101763248,0
1.0,0.039732559443752063,-0.0982754081487655,0.0,0.0,-0.0556620024144649,0.6735811026718777,1.0,-0.0379745550453662,0.15933354636252653,0.9663492232652364,0.0379927940666675,0
1.0,0.0474286948827738,-0.0875433459877967,0.0,0.0,-0.0399046391248703,0.6949729403583242,1.0,-0.0392544046044349,0.15839702482022444,0.9708126537916697,0.0392472147941589,0
1.0,0.04856019745863424,-0.0665260553359985,0.0,0.0,-0.0190813653171062,0.6908494782376063,1.0,-0.0371479019522666,0.13995146913144446,0.971866715421885,0.0371536463499069,0
1.0,0.04021904661368894,-0.0754549875855445,0.0,0.0,-0.0208940971642732,0.7023551316757406,1.0,-0.0403937175869941,0.1402324861390553,0.9821784041707889,0.0403779633343219,0
1.0,0.026779165396315478,-0.0507885441184043,0.0,0.0,0.0070067350752651,0.6865840791659593,1.0,-0.0370294712483882,0.13613693513678313,0.9760235621329172,0.0369610749185085,0
1.0,0.04435726656526115,-0.0356688722968101,0.0,0.0,0.0190537050366401,0.5978843961341328,1.0,-0.0386852994561195,0.08140079030244336,0.9654014126909027,0.0386764518916606,0
1.0,0.06096836740211405,-0.0329508297145366,0.0,0.0,0.0147658018395304,0.6475365688772667,1.0,-0.0317969843745231,0.09435104636391325,0.9812572573025151,0.0317881777882576,0
1.0,0.04472830007024516,-0.0270049050450325,0.0,0.0,0.015054864808917,0.5993904051333501,1.0,-0.0340979918837547,0.03858126483775669,0.982261919303791,0.0341067314147949,0
1.0,0.04008045903986633,-0.0461707226932048,0.0,0.0,0.0123003693297505,0.5811834776797579,1.0,-0.0392440296709537,0.06421713997528408,0.9869260213401666,0.0392906554043293,0
1.0,0.012715547438295288,-0.0926205217838287,0.0,0.0,-0.0369494371116161,0.5590513629333896,1.0,-0.0371061116456985,0.03262436335287356,0.9641879215866144,0.037122469395399,0
1.0,0.02668169889862978,-0.0458570346236228,0.0,0.0,0.0363118983805179,0.5701417864798063,1.0,-0.0457468591630458,0.050095237147958244,0.9613942620793128,0.0457993149757385,0
1.0,0.03428621954617427,-0.0743811354041099,0.0,0.0,-0.0244527086615562,0.5847177124447541,1.0,-0.0317989215254783,0.03165584827265802,0.9724434678004757,0.031810026615858,0
1.0,0.016474572313467616,-0.1117105260491371,0.0,0.0,-0.0570827089250087,0.6437151886297084,1.0,-0.0295285005122423,0.030829975012590348,0.9686576405554239,0.0294683203101158,0
1.0,0.024387007128389388,-0.0967407077550888,0.0,0.0,-0.0576219633221626,0.6831227469107588,1.0,-0.0250792037695646,0.0729623329186523,0.9720252707514611,0.0250216294080019,0
1.0,0.0,-0.073718748986721,0.0,0.0010092848780084418,-0.0402866825461387,0.7466483556975464,1.0,-0.0218679923564195,0.11666968751182612,0.9634087861618945,0.0218679402023553,0
1.0,0.0,-0.072426825761795,0.0,0.010914994532439739,-0.000232673206483,0.5927531791918782,1.0,-0.0432569570839405,0.07879244369947086,0.961360597963406,0.0433238856494426,0
1.0,0.009295244872704916,-0.0192090105265378,0.0,0.0,0.0377776287496089,0.7156524277696161,1.0,-0.0318889878690242,0.13961370399668513,0.9731351816613679,0.0318474993109703,0
1.0,0.017928523761091532,-0.0699023976922035,0.0,0.0,-0.0040433383546769,0.665047677898101,1.0,-0.0424249693751335,0.12333829959339121,0.9547296157056501,0.0423949807882308,0
1.0,0.0010031949896649847,-0.0793232023715972,0.0,0.0,-0.0056272903457283,0.6732103201162736,1.0,-0.0430826283991336,0.13875999167341102,0.9755625590126616,0.0430560819804668,0
1.0,0.01678364604244875,-0.0816053673624992,0.0,0.0,-0.0340118557214736,0.6682365253793825,1.0,-0.038470946252346,0.11857509938533392,0.9795635330783045,0.0384300127625465,0
1.0,0.045027129943755316,-0.0809043869376182,0.0,0.0,-0.0374522358179092,0.6681754565568895,1.0,-0.0357095934450626,0.14762635216582973,0.9595778296833657,0.0357211902737617,0
1.0,0.04922941014377644,-0.0869928896427154,0.0,0.0,-0.0422412492334842,0.6783734400010738,1.0,-0.0371312461793422,0.13644852129383853,0.9692535619924465,0.0371247380971908,0
1.0,0.06833584425911846,-0.068666324019432,0.0,0.0,-0.0224735736846923,0.6577985281983053,1.0,-0.0347929485142231,0.11724567637202418,0.9672493301449145,0.0348005481064319,0
1.0,0.043321009848214624,-0.0922079160809516,0.0,0.0,-0.0134923523291945,0.6267770183404828,1.0,-0.0453662276268005,0.0969998138681234,0.9676076406039306,0.0452926307916641,0
1.0,0.05171988048688805,-0.0425441227853298,0.0,0.0,0.0253547690808773,0.6347122411337557,1.0,-0.0371561869978904,0.05879386425719514,0.9816315632423551,0.0371363945305347,0
1.0,0.039705448357706896,-0.0336901694536209,0.0,0.0,0.0144967567175626,0.6322298443111981,1.0,-0.0333930067718029,0.06591860506423308,0.9806886894932154,0.0333446003496646,0
1.0,0.03122151986409735,-0.041802916675806,0.0,0.0,0.028737561777234,0.6010592503022975,1.0,-0.0381136275827884,0.0363956469165659,0.9849752473442843,0.0381062887609005,0
1.0,0.008509013459939242,-0.0739910155534744,0.0,0.0,-0.0390927195549011,0.6964658619164708,1.0,-0.0220862459391355,0.0880759230735892,0.9705655705110439,0.0220490582287311,0
1.0,0.0068301383257230956,-0.1061559543013572,0.0,0.0,-0.0515054650604724,0.633106479375008,1.0,-0.0321842767298221,0.07244450468067805,0.9661688245159492,0.0321076922118663,0
1.0,0.0,-0.0962517261505127,0.0,0.03138775896905928,-0.0157330464571714,0.5981638712441617,1.0,-0.0434953309595584,0.10297035653390207,0.967690519551208,0.0435084961354732,0
1.0,0.019297186122182258,-0.0394555889070034,0.0,0.0,0.0212565846741199,0.6016636661388622,1.0,-0.0396834388375282,0.0623296387075318,0.9506135531001625,0.0396573208272457,0
1.0,0.01352716249047656,-0.069018006324768,0.0,0.0,-0.0175771322101354,0.6480344933696599,1.0,-0.0386948399245739,0.12547537386208574,0.9612698773085099,0.0385867618024349,0
1.0,0.028956979449593395,-0.0627952143549919,0.0,0.0,-0.0299944970756769,0.6806362029790457,1.0,-0.029291121289134,0.14121483809245405,0.9618552909542049,0.0291861873120069,0
1.0,0.03570907978499839,-0.0699164792895317,0.0,0.0,-0.025626216083765,0.6716985447818509,1.0,-0.0360830537974834,0.13957639060486052,0.9688024765842903,0.0360624603927135,0
1.0,0.050448463615717795,-0.0780762806534767,0.0,0.0,-0.0354035645723342,0.7033664392290223,1.0,-0.0355838537216186,0.15549715250299626,0.9760690281395243,0.0355914011597633,0
1.0,0.042213045641262506,-0.0757981911301612,0.0,0.0,-0.0231161396950483,0.663986517327341,1.0,-0.039054051041603,0.11316483336426457,0.9701444275737197,0.0390350222587585,0
1.0,0.05417436348105136,-0.0368501618504524,0.0,0.0,0.0074305878952145,0.6453010856188575,1.0,-0.0359677895903587,0.08974062937008351,0.967886497732001,0.0359565280377864,0
1.0,0.039984585465243305,-0.0265480298548936,0.0,0.0,0.0507804527878761,0.6041555006694994,1.0,-0.0438563413918018,0.060709871938676795,0.9728734039255936,0.0438209064304828,0
1.0,0.034481427245875156,-0.0301726292818784,0.0,0.0,0.0225110221654176,0.6326388113331229,1.0,-0.0360603705048561,0.07007113549734152,0.9752577951294665,0.036055464297533,0
1.0,0.0,-0.0531947799026966,0.0,0.0017113941115342957,0.0020736856386065,0.6024144483343672,1.0,-0.0346886999905109,0.04109924130197631,0.9648437643099534,0.0347218848764896,0
1.0,0.0,-0.0852227434515953,0.0,0.0009873464495566548,-0.0342297367751598,0.6987276590961402,1.0,-0.0347796231508255,0.1053414766005963,0.979780428356939,0.0347472764551639,0
1.0,0.0011145194053969795,-0.1116646081209182,0.0,0.0,-0.0480903834104537,0.6004069849403314,1.0,-0.0417266935110092,0.10568124007820975,0.9634013349021667,0.0417677499353885,0
1.0,0.0,-0.0709515661001205,0.0,0.01182292963251542,0.0092898188158869,0.5819070073744917,1.0,-0.0504921190440654,0.13290801494921253,0.9584843433743945,0.0505368299782276,0
1.0,0.0,-0.0657951533794403,0.0,0.0028500030017177273,-0.0040839007124304,0.6764038785912815,1.0,-0.0383791774511337,0.140146234074502,0.9613552499577666,0.0384144559502601,0
1.0,0.007772106682641755,-0.0170273017138242,0.0,0.0,0.0249083209782838,0.7072305982686985,1.0,-0.0296234358102083,0.13989345414466803,0.9681183232946234,0.0296030305325984,0
1.0,0.025197190136512414,-0.0136375622823834,0.0,0.0,0.0516052767634391,0.6123400186065819,1.0,-0.041764173656702,0.12106324384629925,0.9565807365658804,0.0417719855904579,0
1.0,0.02704528507185791,-0.0598592683672905,0.0,0.0,0.0038524700794368,0.6867914631056266,1.0,-0.0453538298606872,0.16653167550555004,0.9581238380653329,0.0452708378434181,0
1.0,0.03632200476111885,-0.07887764275074,0.0,0.0,-0.0338712371885776,0.7012786650019095,1.0,-0.0373824499547481,0.15321807616011007,0.9654003444698462,0.0373323038220405,0
1.0,0.03428214998982214,-0.0752461478114128,0.0,0.0,-0.0251056123524904,0.6718008972262751,1.0,-0.0386208742856979,0.13487390978962197,0.9620137617791396,0.0385999009013175,0
1.0,0.050951272242927954,-0.071402721107006,0.0,0.0,-0.0344901084899902,0.7158589238581418,1.0,-0.0307303667068481,0.16930862038935113,0.9682630944612503,0.030712816864252,0
1.0,0.05935471624130128,-0.0773963257670402,0.0,0.0,-0.0342536568641662,0.6780194597906187,1.0,-0.0351525358855724,0.1548151286595319,0.9661962217088798,0.0351650118827819,0
1.0,0.0578494327376066,-0.0877168104052543,0.0,0.0,-0.0446646735072135,0.6645135690355763,1.0,-0.0345982536673545,0.14188093001762828,0.9636166207840506,0.0345819145441055,0
1.0,0.046831816496934464,-0.0344464816153049,0.0,0.0,0.0035155795048922,0.6888213278839159,1.0,-0.0306331645697355,0.13055696970401898,0.9795360379351544,0.0306123383343219,0
1.0,0.04728733490130874,-0.0143488924950361,0.0,0.0,0.0335124656558036,0.6420114432464056,1.0,-0.0322208479046821,0.08431935343769661,0.9808053730815683,0.0322155505418777,0
1.0,0.038033127577920336,-0.0327688194811344,0.0,0.0,0.0410888642072677,0.5951784777848499,1.0,-0.0385767817497253,0.04083952811570533,0.981214521537677,0.0386094935238361,0
1.0,0.03120177517018368,-0.0769413262605667,0.0,0.0,-0.0283708572387695,0.6369642340171837,1.0,-0.0304737314581871,0.043441267535832225,0.9683180262514574,0.0304516237229108,0
1.0,0.025924038320865955,-0.0731333494186401,0.0,0.0,0.0251503214240074,0.5290199714235269,1.0,-0.0517772175371646,0.07286398882627566,0.9728148824344468,0.0518655851483345,0
1.0,0.013097039588510873,-0.0566361919045448,0.0,0.0,-8.95467892405577e-05,0.6242153012212608,1.0,-0.0317643173038959,0.038775776649327624,0.9628915700520104,0.0317724235355854,0
1.0,0.0014228196046377865,-0.1019828096032142,0.0,0.0,-0.0425696447491645,0.5873158739511164,1.0,-0.035666212439537,0.0748420325484061,0.9734001342041543,0.0356307663023471,0
1.0,0.0,-0.0735715478658676,0.0,0.0005068784873174949,0.0001745539921103,0.6267333713863613,1.0,-0.0441477186977863,0.15720089600491172,0.9634692767537871,0.0441972576081752,0
1.0,0.007998555432513184,-0.0513358674943447,0.0,0.0,0.0227332711219787,0.6397086847730631,1.0,-0.0448784828186035,0.1288437425776479,0.96438453256388,0.0449068211019039,0
1.0,0.0006581168979358508,-0.0465048588812351,0.0,0.0,0.0116302669048309,0.637396593360241,1.0,-0.0370904617011547,0.08933265301235263,0.9613417491573955,0.0371251255273819,0
1.0,0.025652544273714505,-0.0399752184748649,0.0,0.0,0.0373681522905826,0.6183457126589,1.0,-0.0438562668859958,0.09150007814192218,0.9540238865100947,0.0438748113811016,0
1.0,0.02384560949216655,-0.043466493487358,0.0,0.0,0.0060007278807461,0.6756274773681618,1.0,-0.0344439409673213,0.10561218111353791,0.9613465218343313,0.0344131328165531,0
1.0,0.025468472634587704,-0.0738602504134178,0.0,0.0,-0.0142830945551395,0.6879093291456229,1.0,-0.039565123617649,0.13806462241218925,0.9654030060007035,0.0395070351660251,0
1.0,0.04061970719372186,-0.0638431161642074,0.0,0.0,-0.0184291694313287,0.6607441735353308,1.0,-0.037552822381258,0.13013157282997814,0.9546287543125368,0.0375380180776119,0
1.0,0.04137960357779179,-0.0660632997751236,0.0,0.0,-0.0288644768297672,0.7389434221277436,1.0,-0.0320872291922569,0.1708938944602643,0.9727107929834201,0.0320795103907585,0
1.0,0.04977938113263971,-0.0629663467407226,0.0,0.0,-0.0260212384164333,0.7025149682514515,1.0,-0.0329613909125328,0.15470422970026584,0.979456779015361,0.0329490564763546,0
1.0,0.055966800595022355,-0.0442168265581131,0.0,0.0,-0.0100528988987207,0.6915511993027762,1.0,-0.0328832939267158,0.12022752438813895,0.9688787442014077,0.0328861288726329,0
1.0,0.03862841425800503,-0.0324473828077316,0.0,0.0,0.0127973472699522,0.6646643143463333,1.0,-0.0321605391800403,0.11964455119002236,0.9663095805907977,0.0321829430758953,0
1.0,0.05246729527348062,-0.0547843128442764,0.0,0.0,0.0052807149477303,0.6353517116560355,1.0,-0.0418952628970146,0.10949213145871499,0.9570399491105082,0.0418585203588008,0
1.0,0.04834956523256469,-0.0463883876800537,0.0,0.0,0.0072652106173336,0.6233818125908595,1.0,-0.0375423058867454,0.07656082985244483,0.9585646765636439,0.0374773889780044,0
1.0,0.06461872962203728,-0.052366130053997,0.0,0.0,0.0204264111816883,0.5991807495559158,1.0,-0.0423482842743396,0.032643829898758504,0.9827363359700856,0.0423486232757568,0
1.0,0.05357848116817543,-0.0341886505484581,0.0,0.0,0.008350308984518,0.6254740486318107,1.0,-0.0316255502402782,0.04261990171226978,0.9726636641225949,0.0316197425127029,0
1.0,0.037962425292267385,-0.0342688784003257,0.0,0.0,0.0148048559203743,0.6146724904774308,1.0,-0.0323517546057701,0.012597633153809077,0.9823838267069013,0.0324115715920925,0
1.0,0.029200721266512752,-0.0351473540067672,0.030359091263346582,0.0,0.0427089482545852,0.5136836567687632,1.0,-0.0416174866259098,0.0,0.9682056328738696,0.0416666343808174,0
1.0,0.0034205508679951055,-0.0301396716386079,0.0,0.0,0.0233567021787166,0.6040014452354664,1.0,-0.0288387741893529,0.020915544557053495,0.95827198459129,0.0288367867469787,0
1.0,0.019380262141668218,-0.1113338246941566,0.0,0.0,-0.0383500009775161,0.581966489270456,1.0,-0.0458696670830249,0.07763782548719672,0.9732940164534495,0.0459145791828632,0
1.0,0.0,-0.081884317100048,0.0,0.010023767321580758,-0.0152443880215287,0.5634690595779317,1.0,-0.0411731041967868,0.10112465505945882,0.9766134273421275,0.0412030890583992,0
1.0,0.026209838408683583,-0.0176244843751192,0.0,0.0,0.0277634914964437,0.7118076593093676,1.0,-0.0297821667045354,0.13695973726546865,0.955260173026308,0.0297719370573759,0
1.0,0.030752408627572878,-0.0193340014666318,0.0,0.0,0.0461454130709171,0.7076313310038355,1.0,-0.0386449359357357,0.1336985229203297,0.9633982803254728,0.0386072173714637,0
1.0,0.03532312063064017,-0.0341495610773563,0.0,0.0,0.0202961582690477,0.6867195121163375,1.0,-0.0311191324144601,0.10553769737443207,0.9586894333289919,0.0311255790293216,0
1.0,0.019325075514582627,-0.0554456375539302,0.0,0.0,-0.003273302456364,0.6384500346340127,1.0,-0.0348611399531364,0.07965094740636301,0.9583129416486809,0.0348371379077434,0
1.0,0.026799745031750002,-0.0652636587619781,0.0,0.0,-0.0334966443479061,0.6562408792472213,1.0,-0.0249389111995697,0.08759826017066509,0.9669545010771602,0.0249062106013298,0
1.0,0.012981474309040033,-0.0576437748968601,0.0,0.0,0.001596302492544,0.6084834874880428,1.0,-0.0386644527316093,0.06896956377951076,0.9636958414184478,0.0386925972998142,0
1.0,0.04164645068165563,-0.0651967823505401,0.0,0.0,-0.0264718476682901,0.6805859855233743,1.0,-0.0309052281081676,0.1437822218007759,0.9654873921138653,0.0308641772717237,0
1.0,0.0469343663739693,-0.0741578042507171,0.0,0.0,-0.033437255769968,0.6728808991346086,1.0,-0.0342684127390384,0.14189267395894,0.9588884907531303,0.034235656261444,0
1.0,0.05519383325241618,-0.0829369127750396,0.0,0.0,-0.0388819985091686,0.6771690620700885,1.0,-0.0354307182133197,0.13770429057420014,0.9737519822535619,0.0354463718831539,0
1.0,0.052985956314040544,-0.0805425718426704,0.0,0.0,-0.037336740642786,0.6683796546978246,1.0,-0.0335369780659675,0.14513487370939163,0.9601224753504312,0.0335730649530887,0
1.0,0.056269519042924786,-0.0778823569416999,0.0,0.0,-0.0320053361356258,0.6810929293879014,1.0,-0.0336340554058551,0.13360572338110652,0.9618876312087294,0.0336553864181041,0
1.0,0.00627374008275488,-0.0904723107814788,0.0,0.0,-0.0292193703353405,0.6997026866048038,1.0,-0.0381653942167758,0.18180913210038974,0.976638459937551,0.0382192470133304,0
1.0,0.0,-0.1114475801587104,0.0,0.00039468819293241616,-0.0494852513074874,0.7519604874241332,1.0,-0.0318016670644283,0.16277782279906336,0.9645096376915171,0.0318162776529789,0
1.0,0.023421840997137174,-0.0959784612059593,0.0,0.0,-0.0217425487935543,0.7280657549781702,1.0,-0.0292753390967845,0.19450324617231726,0.984613637983074,0.02942905575037,0
1.0,0.03615625836001337,-0.1243892014026641,0.0,0.0,-0.0374375022947788,0.6689882039586715,1.0,-0.0335631594061851,0.14404572702720103,0.9813711582482444,0.0337997674942016,0
1.0,0.030989764646726623,-0.0819859355688095,0.0,0.0,-0.0095523996278643,0.7555863255586738,1.0,-0.0256353933364152,0.17904251567838803,0.9525993144419959,0.0257034059613943,0
1.0,0.023571116576007023,-0.0602557696402072,0.0,0.0,-0.0108748767524957,0.7861689919472842,1.0,-0.0212756991386413,0.2113985880619885,0.9644112837730261,0.0213261749595403,0
1.0,0.04052701925606855,-0.1017853766679763,0.0,0.0,-0.0302953347563743,0.7709434224641424,1.0,-0.0302893929183483,0.1817968863813951,0.9562272997290208,0.0303065571933984,0
1.0,0.017589937351341074,-0.0847350507974624,0.0,0.0,-0.0238829739391803,0.8063597992952924,1.0,-0.0308145098388195,0.2314088756635183,0.9533847528034015,0.0308625940233469,0
